Account
3Fates-Xray, Inc
Acorn Semi LLC
Alpha Ring US
Analytical Mechanics Associates - Curtiss
Appel Sauce Studios, LLC
Artisan Insight
Atum Works Inc.
Avails Medical
bioMerieux
Blu3
Bosch - Lang
Carbon, Inc.
Circularity Fuels
Clariant
Coherent
Commonwealth Fusion Systems
Continuity Technologies
Covalent Metrology
Cradle Healthcare Company
CSU East Bay - Zaleski
DC Fusion
Destination 2D Inc.
Diamond Foundry
Dioxycle
Dynatomics
Echo Neurotechnologies
Ecoatoms
Edulis Labs
Eleryc Inc.
EOSDX
Experimental Engineering
Exponent Inc
Freenome
Future Naturalists Corporation
Gamdan Optics
Genentech
Gotion
TSMC
TSMC
TSMC
TSMC
TSMC
Intermolecular, Inc.
JSR Micro
Kaunas University of Technology
Kepler Computing
KLA-Tencor (Chen)
Leadoptik
LLNL - DeVore
LLNL - Nakotte
Lockheed Martin
Marathon Fusion
Mitra Future Technologies (MitraChem)
Multibeam Corporation
Myra Vision
Naio
Nani Lithography
NanoCarbon Creations
Nautilus Biotechnology
Neuralink
Novaltech
NovaSolix
NovaTech Innovations LLC
NTT Research Inc
Orchard Ultrasound
EvoLOH Inc
Physical Sciences Inc (PSI)
Plasmonica Bio, Inc.
Prism Inks
PsiQuantum
Pumpkinseed Technologies
Quantum Pixel
Roche (Genia Technologies)
Rondo Energy
Rubi Laboratories
Sakuu
San Francisco State University - Qiu
Sandia National (Kumar)
Flux Photonics Inc
Savor Foods Limited
Science Corporation
SciForge
Seagate Technology
Seer
Shoei Electronic Materials
Sila Nanotechnologies
SRI - Bellew
Swift Solar
Tandem PV
TeraPore Technologies - Kaufman
Terecircuits
Thintronics, Inc.
Torramics
TSMC
UC Berkeley - Boettcher
UC Berkeley - Salahuddin
UC Berkeley (Yang)
UC Santa Cruz - Turk-Kubo
UC Santa Cruz (Sher)
UCSC - Telus
UCSC - Yan
UCSC-Ayzner
UCSF - Chen
University of California SF (roy)
University of Wisconsin-Milwaukee - Rohatgi - SNSF
University of California San Francisco - Persson
University of Illinois (Bayram)
University of North Dakota - Chu
University of Wyoming - Aryana
Velo3D
Washington State University - Li
Wavefront Vision
Xanadu Quantum Technologies
xMEMS Labs
Xylia
UC Davis (Leite)
Abu-Remaileh, Monther
Appel, Eric
Appel, Eric
Appel, Eric
Appel, Eric
Arrigo, Kevin
Arrigo, Kevin
Bao, Zhenan
Bao, Zhenan
Bao, Zhenan
Bao, Zhenan
Bao, Zhenan
Bao, Zhenan
Bao, Zhenan
Bao, Zhenan
Bao, Zhenan
Bao, Zhenan
Bao, Zhenan
Bao, Zhenan
Bao, Zhenan
Bao, Zhenan
Bao, Zhenan
Bao, Zhenan
Bao, Zhenan
Bao, Zhenan
Bao, Zhenan
Bao, Zhenan
Bao, Zhenan
Bao, Zhenan
Bao, Zhenan
Barron, Annelise
Bendall, Sean
Bent, Stacey
Bent, Stacey
Bent, Stacey
Bent, Stacey
Bent, Stacey
Bent, Stacey
Bent, Stacey
Bent, Stacey
Bent, Stacey
Bent, Stacey
Bent, Stacey
Bent, Stacey
Bent, Stacey
Bent, Stacey Francine
Boettcher, Charlotte
Boettcher, Charlotte
Boettcher, Charlotte
Boies, Adam Meyer
Boies, Adam Meyer
Boxer, Steven
Boxer, Steven
Boxer, Steven
Brongersma, Mark
Brongersma, Mark
Brongersma, Mark
Brongersma, Mark
Brongersma, Mark
Brongersma, Mark
Brongersma, Mark
Buch, Vivek P.
Bucksbaum, Philip
Cabrera, Blas
Cappelli, Mark
Cargnello, Matteo
Cargnello, Matteo
Cargnello, Matteo
Cargnello, Matteo
Cargnello, Matteo
Cargnello, Matteo
Cargnello, Matteo
Cargnello, Matteo
Cargnello, Matteo
Cargnello, Matteo
Cargnello, Matteo
Chaudhuri, Ovijit
Chaudhuri, Ovijit
Chen, Ian
Chen, Ian
Chichilnisky, E.J.
Chichilnisky, E.J.
Chiu, Wah
Chou, Hung-Chieh
Chowdhury, Srabanti
Chowdhury, Srabanti
Chowdhury, Srabanti
Chowdhury, Srabanti
Chowdhury, Srabanti
Chowdhury, Srabanti
Chowdhury, Srabanti
Chowdhury, Srabanti
Chowdhury, Srabanti
Chowdhury, Srabanti
Chowdhury, Srabanti
Chowdhury, Srabanti
Chowdhury, Srabanti
Chowdhury, Srabanti
Chowdhury, Srabanti
Chowdhury, Srabanti
Chowdhury, Srabanti 
Chu, Steven
Chu, Steven
Chueh, William
Chueh, William
Chueh, William
Chueh, William
Chueh, William
Chueh, William
Chueh, William
Chueh, William
Chueh, William
Chueh, William
Chueh, William
Chueh, William
Chueh, William
Chueh, William
Congreve, Daniel
Congreve, Daniel
Cui, Bianxiao
Cui, Bianxiao
Cui, Bianxiao
Cui, Yi
Cui, Yi
Cui, Yi
Cui, Yi
Cui, Yi
Cui, Yi
Cui, Yi
Cui, Yi
Cui, Yi
Cui, Yi 
Cui, Yi 
Cutkosky, Mark
Cutkosky, Mark
Daldrup-Link, Heike
Dauskardt, Reinhold
Dauskardt, Reinhold
Dauskardt, Reinhold
Dauskardt, Reinhold
Dauskardt, Reinhold
DeBoer, Charles
DeBoer, Charles Meno Theodore
DeBoer, Charles Meno Theodore
Dekas, Anne
Dekas, Anne
DeSimone, Joseph
DeSimone, Joseph
DeSimone, Joseph
DeSimone, Joseph
DeSimone, Joseph
DeSimone, Joseph
DeSimone, Joseph
Devereaux, Thomas
Digonnet, Michel
Dionne, Jennifer
Dionne, Jennifer
Dionne, Jennifer
Dionne, Jennifer
Dionne, Jennifer
Dionne, Jennifer
Dionne, Jennifer
Dionne, Jennifer
Dionne, Jennifer
Dresselhaus-Marais, Leora
SLAC
Dresselhaus-Marais, Leora
Dresselhaus-Marais, Leora
Dresselhaus-Marais, Leora
Dresselhaus-Marais, Leora
Dresselhaus-Marais, Leora
Dresselhaus-Marais, Leora
Dunbar, Robert
Dunbar, Robert
Dunn, Alexander
Dunne, Mike
Fan, Jonathan
Fan, Jonathan
Fan, Jonathan 
Fan, Jonathan Albert
Fan, Jonathan Albert
Fayer, Michael
Fayer, Michael 
Feig, Vivian
Feig, Vivian
Feig, Vivian
Fejer, Martin
Fejer, Martin M
Feldman, Benjamin
Feldman, Benjamin
Feldman, Benjamin
Feldman, Benjamin Ezekiel
Feldman, Benjamin Ezekiel
Fendorf, Scott
Fisher, Ian
Fisher, Ian
Fordyce, Polly
Fordyce, Polly
Fordyce, Polly
Fuller, Gerald
Gao, Alex
Glenzer, Siegfried
Glenzer, Siegfried
Gloyn, Anna Louise
Goldberg, Jeffrey
Goldberg, Jeffrey
Goldhaber-Gordon, David
Goldhaber-Gordon, David
Goldhaber-Gordon, David
Goodson, Kenneth
Goodson, Kenneth
Goodson, Kenneth
Goodson, Kenneth
Goodson, Kenneth
Goodson, Kenneth
Gratta, Giorgio
Gratta, Giorgio
Gratta, Giorgio
Gratta, Giorgio
Gratta, Giorgio
Grillet, Nicolas
Gu, Wendy
Gu, Wendy
Gu, Wendy
Gu, Wendy
Gu, Wendy
Gu, Wendy
Gu, Wendy
Gu, Wendy
Gu, Wendy
Hanson, Ronald
Hanson, Ronald 
Hanson, Ronald 
Heilshorn, Sarah
Heilshorn, Sarah
Heilshorn, Sarah
Heilshorn, Sarah
Heilshorn, Sarah
Heilshorn, Sarah
Heilshorn, Sarah
Heilshorn, Sarah
Heilshorn, Sarah
Heilshorn, Sarah
Heilshorn, Sarah 
Heinz, Tony
Heinz, Tony
Heinz, Tony
Heinz, Tony 
Hesselink, Lambertus
Hesselink, Lambertus
Hiesinger, William
Hiesinger, William
Hong, Guosong
Hong, Guosong
Hong, Guosong
Hong, Guosong
Hong, Guosong
Hong, Guosong
Hong, Guosong
Howe, Roger
Huang, Ngan F.
Huang, Ngan F.
Huang, Ngan F.
Huang, Possu 
Hwang, Harold
Hwang, Harold
Hwang, Harold
Ihme, Matthias
Bao, Zhenan
Jaramillo, Thomas
Jaramillo, Thomas
Jaramillo, Thomas
Jaramillo, Thomas
Jaramillo, Thomas
Jaramillo, Thomas
Jaramillo, Thomas
Jaramillo, Thomas
Jaramillo, Thomas
Jardetzky, Theodore
Jardetzky, Theodore
Jarosz, Daniel
Kahn, Joseph M.
Kahn, Joseph M.
Kanan, Matthew
Kanan, Matthew
Kanan, Matthew
Kanan, Matthew
Kanan, Matthew
Kanan, Matthew
Kanan, Matthew
Kanan, Matthew
Cui, Yi
Kapitulnik, Aharon
Kapitulnik, Aharon
Karunadasa, Hemamala
Karunadasa, Hemamala
Karunadasa, Hemamala
Karunadasa, Hemamala
Karunadasa, Hemamala
Khuri-Yakub, Butrus
Kim, Juyong Brian
Kovscek, Anthony
Kovscek, Anthony
Kovscek, Anthony
Kovscek, Anthony
Lee, Young
Lepech, Michael
Lepech, Michael 
Levin, Craig
Liao, Joseph
Liao, Joseph
Liao, Yaping Joyce
SLAC
Liu, Fang
Liu, Fang
Liu, Fang
Longaker, Michael
Longaker, Michael
Lu, Bingwei
Ma, Michael
Ma, Michael
Mahaney, Kelly
Mahaney, Kelly
Maher, Katharine
Mai, Danielle
Mai, Danielle
Mai, Danielle
Majumdar, Arunava
Majumdar, Arunava
Majumdar, Arunava
Majumdar, Arunava
Majumdar, Arunava
Majumdar, Arunava
Majumdar, Arunava
Mannix, Andrew
SLAC
Mannix, Andrew
Mannix, Andrew
Mannix, Andrew
Mannix, Andrew
Mannix, Andrew
Mannix, Andrew
Mao, Wendy
Mao, Wendy
Mao, Wendy Li-Wen
McIntyre, Paul
McIntyre, Paul
McIntyre, Paul
McIntyre, Paul
McIntyre, Paul
Dionne, Jennifer
Mitch, William
Mitra, Subhasish
Senesky, Debbie
Mitra, Subhasish
Moler, Kathryn
Monje-Deisseroth, Michelle
Morrison, Ashby
Mukherjee, Kunal
Mukherjee, Kunal
Mukherjee, Kunal
Mukherjee, Kunal
Mukherjee, Kunal
Mukherjee, Kunal 
Myung, David
Salleo, Alberto
Fayer, Michael
Grove, Martin
Cui, Yi
Cui, Yi
Boettcher, Charlotte
Rogalla, Stephan
SLAC
Jaramillo, Thomas
SLAC
NP-Beetz, Tobias
NP-Beetz, Tobias
NP-Beetz, Tobias
NP-Beetz, Tobias
NP-Beetz, Tobias
NP-Beetz, Tobias
NP-Beetz, Tobias
NP-Beetz, Tobias
NP-Beetz, Tobias
NP-Beetz, Tobias
NP-Beetz, Tobias
NP-Beetz, Tobias
NP-Beetz, Tobias
NP-Beetz, Tobias
NP-Beetz, Tobias
NP-Beetz, Tobias
NP-Beetz, Tobias
NP-Beetz, Tobias
NP-Beetz, Tobias
NP-BIOE 261: Principles and Practice of Stem Cell Engineering 
NP-BIOE 44: Fundamentals for Engineering Biology Lab 
Vuckovic, Jelena
NP-CHEM 131: Instrumental Analysis Principles and Practice 
NP-CHEM 176: Spectroscopy Laboratory 
NP-CHEMENG 185B: Chemical Engineering Laboratory B 
NP-CHEMENG 464: Polymer Chemistry 
McIntyre, Paul
Hwang, Harold
NP-E&O: Education & Outreach Events
NP-EE 21N: Making at the nanometer scale: A journey into microchips. 
NP-ESS 210: Techniques in Environmental Microbiology (BIO 201) 
SLAC
SLAC
SLAC
SLAC
SLAC
SLAC
SLAC
SLAC
SLAC
NP-MATSCI 143: Materials Structure and Characterization 
NP-MATSCI 161: Energy Materials Laboratory (MATSCI 171) 
NP-MATSCI 162/172/143
NP-MATSCI 163/173
NP-MATSCI 163/173 - Mechanical Behaviors Laboratory
NP-MATSCI 323: Thin Film and Interface Microanalysis
NP-Mulholland, Jon
Chowdhury, Srabanti
SLAC
SLAC
SLAC
SLAC
Nuyujukian, Paul
Ophus, Colin
Ophus, Colin
Palanker, Daniel
Palanker, Daniel
Palanker, Daniel
Palanker, Daniel
Paulmurugan, Ramasamy
Pleiner, Tino
Pleiner, Tino
Poon, Ada
Poon, Ada
Poon, Ada
Poon, Ada
Pop, Eric
Pop, Eric
Pop, Eric
Pop, Eric
Pop, Eric
Chowdhury, Srabanti
Mannix, Andrew
Pop, Eric
Pop, Eric
Pop, Eric
Prakash, Manu
Prakash, Manu
Prakash, Manu
Prakash, Manu
Prakash, Manu
Pratx, Guillem
Pratx, Guillem
Prinz, Friedrich
Prinz, Friedrich
Prinz, Friedrich
Prinz, Friedrich
Prinz, Friedrich
Prinz, Friedrich
Prinz, Friedrich
Rao, Jianghong
Rao, Jianghong
Rao, Jianghong
Reis, David
Rivas-Davila, Juan
Rivas-Davila, Juan
Safavi-Naeini, Amir
Safavi-Naeini, Amir
Safavi-Naeini, Amir
Safavi-Naeini, Amir
Safavi-Naeini, Amir
Safavi-Naeini, Amir
Schuster, David
Safavi-Naeini, Amir
Safavi-Naeini, Amir
Safavi-Naeini, Amir
Safavi-Naeini, Amir
Safavi-Naeini, Amir
Safavi-Naeini, Amir 
Salleo, Alberto
Salleo, Alberto
Salleo, Alberto
Salleo, Alberto
Salleo, Alberto
Salleo, Alberto 
Santiago, Juan
Schumer, Molly
Schuster, David
Schuster, David
Schuster, David
Schuster, David
Schuster, David
Schuster, David
Schuster, David
Senesky, Debbie
Senesky, Debbie
Senesky, Debbie
Senesky, Debbie
Senesky, Debbie
Shaqfeh, Eric
Shaqfeh, Eric
Sharaf, Naima G.
Shen, Zhi-Xun
Shen, Zhi-Xun
Sinclair, Robert
Sinclair, Robert
Skylar-Scott, Mark
Skylar-Scott, Mark
Skylar-Scott, Mark
Skylar-Scott, Mark
Snyder, Michael
Soh, Hyongsok 
Solgaard, Olav 
Stack, Daniel
Suzuki, Yuri
Suzuki, Yuri
Suzuki, Yuri
Suzuki, Yuri
Suzuki, Yuri
Suzuki, Yuri
Tan, Longzhi
Tang, Sindy
Tang, Sindy
Tang, Sindy
Tang, Sindy
Tarpeh, William
Tarpeh, William
Tarpeh, William
Tarpeh, William
Tarpeh, William
Tarpeh, William
Tarpeh, William
Tarpeh, William
Tarpeh, William
Tarpeh, William
Thakor, Avnesh
Tikoo-Schantz, Sonia
Tikoo-Schantz, Sonia
Valdez, Tulio
Vanorio, Tiziana
Vanorio, Tiziana
Vanorio, Tiziana
Vanorio, Tiziana 
Vuckovic, Jelena
Vuckovic, Jelena
Vuckovic, Jelena
Vuckovic, Jelena
Vuckovic, Jelena
Vuckovic, Jelena
Vuckovic, Jelena
Vuckovic, Jelena
Wakatsuki, Soichi
Wan, Derrick
Wang, Adam
Wang, Hai
Wang, Hai
Wang, Hai
Wang, Shan
Wang, Shan
Wang, Shan
Wang, Shan
Pop, Eric
Wang, Shan
Wang, Shan
Waymouth, Robert
Wetzstein, Gordon
Wong, Philip
Wong, Philip
Wong, Philip
Wong, Philip
Wong, Philip
Woo, Joseph
Woo, Joseph
Wu, Joseph
Xia, Yan
Xia, Yan
Yang, Fan
Yang, Yunzhi Peter
Yang, Yunzhi Peter
Yang, Yunzhi Peter
Yeh, Ellen
Yeh, Ellen
Zare, Richard
Zhao, Renee
Zheng, Xiaolin
Zheng, Xiaolin
Zheng, Xiaolin
Zheng, Xiaolin
Zheng, Xiaolin
Zheng, Xiaolin
Zheng, Xiaolin
Zong, Alfred
Zong, Alfred